{
  "test/controllers/invoices_controller_test.rb": 0.8768460000283085,
  "test/mailers/timer_mailer_test.rb": 0.03374199999962002,
  "test/services/charts/invoices_service_test.rb": 0.05834099999628961,
  "test/controllers/projects_controller_test.rb": 2.035702999943169,
  "test/models/auth_token_test.rb": 0.01209000000380911,
  "test/helpers/nav_helper_test.rb": 0.0013599999947473407,
  "test/mailers/invoice_mailer_test.rb": 9.60159500001464,
  "test/controllers/api/v1/customers_controller_test.rb": 0.11724800008232705,
  "test/controllers/api/v1/tasks_controller_test.rb": 0.06475199994747527,
  "test/controllers/api/v1/timers_controller_test.rb": 0.27419599998393096,
  "test/controllers/api/v1/projects_controller_test.rb": 0.05885699999635108,
  "test/services/charts/project_budget_service_test.rb": 0.02120200000354089,
  "test/models/position_test.rb": 0.005047000042395666,
  "test/models/expense_test.rb": 0.02388199997949414,
  "test/models/project_test.rb": 0.0119210000266321,
  "test/workers/invoice_mailer_worker_test.rb": 1.7251680000044871,
  "test/models/user_test.rb": 0.0027809999883174896,
  "test/models/invoice_test.rb": 0.01286200003232807,
  "test/integration/login_test.rb": 0.1706840000115335,
  "test/controllers/templates_controller_test.rb": 0.02059000000008382,
  "test/models/validation_error_test.rb": 0.0006719999946653843,
  "test/controllers/customers_controller_test.rb": 0.07542600002489053
}
